term,estimate,std.error,statistic,p.value,conf.low,conf.high,AGEG5YR
(Intercept),-15.10428754916213,1455.3975257569282,-0.01037811819922302,0.9917196083593154,NA,280.6165115651793,13
EDUCA_f1-8,14.223730637762847,1455.3976376645608,0.009773088996205395,0.9922023273089738,-281.0782971404552,NA,13
EDUCA_f9-11,12.968729532523254,1455.3976450803457,0.008910780896452055,0.9928903195853082,-282.24929432812735,NA,13
EDUCA_fHS_grad,13.172004050658854,1455.397582387148,0.009050450687882886,0.9927788837090292,-282.3386644014824,NA,13
EDUCA_fSome_college,13.178504215729491,1455.3976477109754,0.009054916528452837,0.9927753206297896,-282.0315221790235,NA,13
EDUCA_fCollege_grad,12.929381243909646,1455.397136064961,0.008883747895002419,0.9929118879460895,-283.6519909347221,NA,13
INCOME_fBin2,-1.2247849688759769,1.4628390103642017,-0.8372657279429835,0.40244321902433244,-3.1597355810203607,0.05722285344150713,13
INCOME_fBin3,-0.013090743040074645,1.1265982382785056,-0.011619708424254159,0.9907290226719477,-1.9014322226767513,1.4057257645699537,13
INCOME_fBin4,-0.07309733746744065,2058.2431375388337,-3.551443273842155e-5,0.9999716635824383,-7.40045973469816,7.027778909543044,13
INCOME_fBin5,-0.7244735283021749,2058.242935419274,-3.519864034682554e-4,0.9997191554888594,-9.096583816535826,7.729553244022677,13
INCOME_fBin6,-0.5826111311878723,1.0658385996090711,-0.5466222854019012,0.5846382553765953,-2.2845796659416084,1.1722065814663638,13
INCOME_fBin7,-0.590073522298091,1.0619246056433722,-0.5556642337528209,0.5784404112750412,-2.280356326385722,1.4722304909356057,13
INCOME_fBin8,-0.6564548631998351,1.0648524956184542,-0.6164749257769957,0.5375811158647416,-2.3553990181766045,1.0605597679154601,13
INCOME_fBin9,-0.7244715222076821,1.0682201207994473,-0.6782043401930058,0.4976421410551134,-2.4330806877012834,0.7275901890436774,13
INCOME_fBin10,-1.3840125906567968,1.13098718419064,-1.2237208431740343,0.22105755404768523,-3.291927919596177,0.1026449663436394,13
INCOME_fBin11,-0.7452654123556315,1.106497687985207,-0.6735354447171651,0.5006067069950699,-1.8081242435881166,1.2245362086647877,13
EXERNo,0.49555645977039453,0.0788406114857455,6.285548151284847,3.266988818006947e-10,0.34100755501943303,0.650164131198503,13
SMOKESome_days,-0.3404466623493943,0.2818322750851351,-1.2079761349070228,0.22705644216978885,-0.9191413251120133,-0.09200648772235331,13
SMOKENot_at_all,-0.388684327440157,0.13814208667285502,-2.8136561188671667,0.0048981595318645784,-0.652613603146991,-0.11036627186266172,13
SEXFemale,0.15582051359078625,0.07901450823485076,1.9720494004423712,0.048603967402516664,9.844168465278236e-4,0.31082532417246184,13
EDUCA_f1-8:INCOME_fBin2,1.2457388167779258,1.6295543958875307,0.7644659300246548,0.44458963236534965,-0.8557170457257312,4.783311152821142,13
EDUCA_f9-11:INCOME_fBin2,1.5692904160544012,1.6391309481500307,0.9573917311643384,0.3383695704751761,1.9962366817809727,3.485373791619228,13
EDUCA_fHS_grad:INCOME_fBin2,0.9583832445237687,1.5561650726343688,0.6158621995681733,0.5379854715839325,-0.012082535711214648,1.25593898822257,13
EDUCA_fSome_college:INCOME_fBin2,1.6534258960018442,1.6140678220626756,1.024384399094749,0.3056537477746888,1.9336196424942496,1.2529680028914276,13
EDUCA_fCollege_grad:INCOME_fBin2,NA,NA,NA,NA,NA,NA,13
EDUCA_f1-8:INCOME_fBin3,-0.7732829087753516,1.364170551467473,-0.5668520757492613,0.5708146865077267,-2.3477331011334517,1.6979264344128746,13
EDUCA_f9-11:INCOME_fBin3,-0.3608372516417536,1.3655764186164856,-0.26423805121600646,0.7915964920646589,-2.107301828763948,2.1487812567974203,13
EDUCA_fHS_grad:INCOME_fBin3,-0.2984283523577084,1.23324564469442,-0.24198613929153956,0.8087909033514276,-1.7108833049717396,1.8706824174088406,13
EDUCA_fSome_college:INCOME_fBin3,-0.25807727282480364,1.317179502471009,-0.19593174076931394,0.8446635931983186,-3.4481951136209243,2.160885433529413,13
EDUCA_fCollege_grad:INCOME_fBin3,NA,NA,NA,NA,NA,NA,13
EDUCA_f1-8:INCOME_fBin4,-0.8969177817311652,2058.2433172921355,-4.357685868312049e-4,0.9996523069834886,-7.748190783996051,5.248552182095347,13
EDUCA_f9-11:INCOME_fBin4,-0.24905044288206762,2058.24326268682,-1.2100146148757873e-4,0.99990345480228,-6.812647637561582,5.634059427116816,13
EDUCA_fHS_grad:INCOME_fBin4,-0.6390432964075822,2058.243193186998,-3.104799756038951e-4,0.9997522728250072,-7.713891011377257,6.449990593897793,13
EDUCA_fSome_college:INCOME_fBin4,-0.22925748006915492,2058.2432399116697,-1.1138502759226534e-4,0.9999111276063632,-6.102443498247595,5.2913744443078405,13
EDUCA_fCollege_grad:INCOME_fBin4,0.7942917312639088,2058.242881302112,3.859076780877356e-4,0.9996920902294011,-6.117991463150986,8.110168786579528,13
EDUCA_f1-8:INCOME_fBin5,-0.7696689395359896,2058.2431104689276,-3.739446208376408e-4,0.999701635367392,-7.568336205413829,5.462805974274666,13
EDUCA_f9-11:INCOME_fBin5,-0.19800606399844825,2058.243077889723,-9.620149637595773e-5,0.9999232423114339,-7.546007777233825,7.400849722075291,13
EDUCA_fHS_grad:INCOME_fBin5,0.041643898957859235,2058.2429873543256,2.0232741816061515e-5,0.9999838566076834,-5.919517341564159,6.5644491826303675,13
EDUCA_fSome_college:INCOME_fBin5,0.24393599208229516,2058.2430343283154,1.185166124766704e-4,0.9999054374249275,-8.216702982351705,8.983902802869729,13
EDUCA_fCollege_grad:INCOME_fBin5,0.4059044142560004,2058.2426760400544,1.972092110328497e-4,0.9998426498162887,-6.1745080574750375,6.4312232889707595,13
EDUCA_f1-8:INCOME_fBin6,-1.6808061760602346,1.5911689314921804,-1.056334209896867,0.2908155517827716,-3.8863533861444015,1.0825752036282565,13
EDUCA_f9-11:INCOME_fBin6,-0.19769992586302132,1.3135685767076482,-0.150505979945516,0.8803654331643799,-1.4742209044655439,2.1917994818169824,13
EDUCA_fHS_grad:INCOME_fBin6,-0.24105107542818063,1.164148782810121,-0.2070620860387889,0.8359613713462483,-1.4318995719708203,1.750502876689772,13
EDUCA_fSome_college:INCOME_fBin6,-0.2578790093784168,1.2431918419945331,-0.2074329967969262,0.8356717152455229,-2.2218398037247704,0.4009854889853246,13
EDUCA_fCollege_grad:INCOME_fBin6,NA,NA,NA,NA,NA,NA,13
EDUCA_f1-8:INCOME_fBin7,-13.99553857683951,400.79880588338045,-0.03491911246090828,0.9721442403663327,-324.9414524393344,-303.6859549941328,13
EDUCA_f9-11:INCOME_fBin7,0.0970372789132587,1.4291741089901202,0.06789745091437946,0.9458672679478657,0.12403137813417575,1.4564482680306141,13
EDUCA_fHS_grad:INCOME_fBin7,-0.374952661506813,1.1700989239100184,-0.3204452665026527,0.7486308154169964,-1.5104254848227956,1.6301475897376023,13
EDUCA_fSome_college:INCOME_fBin7,-0.27500777096612955,1.2427473473340622,-0.2212901693623208,0.8248665039692644,-1.2615188602272556,1.9773982001697479,13
EDUCA_fCollege_grad:INCOME_fBin7,NA,NA,NA,NA,NA,NA,13
EDUCA_f1-8:INCOME_fBin8,0.2868003129785865,1.6643113495279185,0.17232371398532934,0.8631830421507628,-2.5104702550422155,3.2479427634027513,13
EDUCA_f9-11:INCOME_fBin8,-12.885064451015424,417.91910914738514,-0.030831479511197277,0.9754039353280809,-455.8340096415533,-384.3784369410423,13
EDUCA_fHS_grad:INCOME_fBin8,-0.49735107103172543,1.202289816731706,-0.4136698690368352,0.6791158965478029,-1.735706504433804,1.5796128294269136,13
EDUCA_fSome_college:INCOME_fBin8,-0.10206414442655712,1.2542379329261548,-0.08137542466798148,0.9351433925554609,-1.73432649522027,2.1725725689760846,13
EDUCA_fCollege_grad:INCOME_fBin8,NA,NA,NA,NA,NA,NA,13
EDUCA_f1-8:INCOME_fBin9,-13.888918952897262,723.105559328466,-0.01920731872922624,0.9846757191790614,-548.4748833124876,-521.0920226632013,13
EDUCA_f9-11:INCOME_fBin9,1.0932275930033104,1.6332158846392193,0.6693711488391546,0.5032587510658126,-0.28295798303793906,3.9946824706248285,13
EDUCA_fHS_grad:INCOME_fBin9,0.06661262856299745,1.2453636621750936,0.05348849543807546,0.9573426968387349,-1.1143969422349274,2.2334490845228863,13
EDUCA_fSome_college:INCOME_fBin9,-0.852561271123614,1.3354735133667435,-0.6383962411761336,0.5232157771575118,-0.5072789594531915,-2.7546502927310974,13
EDUCA_fCollege_grad:INCOME_fBin9,NA,NA,NA,NA,NA,NA,13
EDUCA_f1-8:INCOME_fBin10,-13.408370879062065,1455.398094096488,-0.009212854499020071,0.9926493096181648,NA,281.7178433767205,13
EDUCA_f9-11:INCOME_fBin10,NA,NA,NA,NA,NA,NA,13
EDUCA_fHS_grad:INCOME_fBin10,0.2394916169660662,1.5864695667396,0.15095884723351638,0.8800081789445071,-1.9322849750755655,2.9888563447860514,13
EDUCA_fSome_college:INCOME_fBin10,0.29085355186665995,1.4788553676006293,0.19667477850694465,0.844082048419511,-1.458230222995653,2.9907706576747684,13
EDUCA_fCollege_grad:INCOME_fBin10,NA,NA,NA,NA,NA,NA,13
EDUCA_f1-8:INCOME_fBin11,-14.047118057364125,1455.398075317848,-0.009651736040874137,0.9922991483916607,NA,281.15404310799954,13
EDUCA_f9-11:INCOME_fBin11,-12.296560492363364,840.2751110431184,-0.014633969673454211,0.9883241982705753,-999.3158811945568,-1063.4069523526796,13
EDUCA_fHS_grad:INCOME_fBin11,-12.77517905871361,332.2435642234551,-0.03845124611690441,0.9693279026732982,-358.9398655918219,-304.61485662258286,13
EDUCA_fSome_college:INCOME_fBin11,0.6917649184598268,1.3548638217049076,0.5105789285814252,0.6096459337267319,-0.4713238183270334,3.1760357663634604,13
EDUCA_fCollege_grad:INCOME_fBin11,NA,NA,NA,NA,NA,NA,13
(Intercept),-15.138706591464809,882.7434253415736,-0.017149611265138514,0.98631726065424,NA,164.76384461630195,12
EDUCA_f1-8,13.364830695089346,882.7436020620177,0.01514010485476211,0.9879204055755709,-166.28716201494274,NA,12
EDUCA_f9-11,12.462810345144659,882.7435783718668,0.014118267921168094,0.9887356262144671,-167.21642362769776,NA,12
EDUCA_fHS_grad,12.727336504018158,882.7435494557766,0.014417932039112305,0.988496553178552,-167.00119403260655,NA,12
EDUCA_fSome_college,13.705238133800881,882.7434915063174,0.015525731161624543,0.9876127564670203,-166.11230383235917,NA,12
EDUCA_fCollege_grad,13.07860042081962,882.7437577433994,0.01481585149268354,0.9881790933072203,-166.23251710291092,NA,12
INCOME_fBin2,0.33490386716883985,0.8614788999095797,0.3887545791359384,0.6974577035248419,-1.2158624493688535,1.358591742225801,12
INCOME_fBin3,0.3970203060614947,0.8401878783272613,0.4725375315482134,0.6365431591070188,-1.097138841792966,1.3228820412087738,12
INCOME_fBin4,-0.04408228470181921,0.8175014450086355,-0.05392318872458208,0.9569963616101761,-1.4803319950743878,1.2216223125792962,12
INCOME_fBin5,0.3860551160679577,1248.3876998667138,3.0924296683568377e-4,0.9997532598151576,-3.1399296472767446,3.8656431756281853,12
INCOME_fBin6,-0.40090123011430107,0.7856662060422267,-0.5102691537845705,0.6098629099690647,-1.7548010969676986,1.4872335703604982,12
INCOME_fBin7,0.8154330829815462,1248.3876801356596,6.531889860471346e-4,0.9994788306298065,-2.221601608315183,4.310425358191982,12
INCOME_fBin8,-0.7401832584574285,0.7857847915128169,-0.9419668927829528,0.3462095903462169,-2.094287877445534,1.1481287639561546,12
INCOME_fBin9,0.8154332499646707,1248.387657793557,6.531891314961374e-4,0.999478830513755,-2.240883167296289,4.140368758450332,12
INCOME_fBin10,-1.3030433529724823,0.8388836978839962,-1.5533063239389255,0.12034997017461932,-2.799374240452109,-0.2534722632253884,12
INCOME_fBin11,-1.491967680808694,0.8537191800841815,-1.7476094196004563,0.0805316831347539,-0.5359609208043321,-0.5031292621793104,12
EXERNo,0.8154330783266766,0.06983314379447103,11.6768776832762,1.6732961877074527e-31,0.678710319448853,0.9525186689273422,12
SMOKESome_days,0.003068847301662517,0.17722615549626397,0.017315995446999414,0.9861845249952097,-0.3521963196361067,0.3438061754688877,12
SMOKENot_at_all,-0.24279435069964117,0.09714625278691573,-2.49926624789322,0.012445077111253079,-0.4305909202665642,-0.049567842059532116,12
SEXFemale,0.18658366468086157,0.06890661621064303,2.7077757542249277,0.006773577315233635,0.05159151886628766,0.3217702584138158,12
EDUCA_f1-8:INCOME_fBin2,-1.1739278525749586,1.277895128947977,-0.9186417773901298,0.3582829725708469,-2.628094321970182,1.2187067023884668,12
EDUCA_f9-11:INCOME_fBin2,0.7130311931125249,1.0839570297732801,0.657803929055806,0.5106641293648551,-0.7086495829769845,2.7912710203225637,12
EDUCA_fHS_grad:INCOME_fBin2,-0.14782154949339535,1.0198948168385105,-0.14493803385687892,0.8847597968040075,-1.3672388496407175,1.783859554475477,12
EDUCA_fSome_college:INCOME_fBin2,-0.8502024808783682,0.9693443468836765,-0.8770902555027686,0.38043761705571094,-2.0189238859442615,0.9436471804766231,12
EDUCA_fCollege_grad:INCOME_fBin2,NA,NA,NA,NA,NA,NA,12
EDUCA_f1-8:INCOME_fBin3,-2.2266121578176423,1.4398229018269881,-1.5464486326702396,0.12199625665128128,-4.656399170101624,0.3459495020208421,12
EDUCA_f9-11:INCOME_fBin3,0.09338668879487667,1.0676211236262545,0.08747175072527776,0.9302965390007787,-1.1368003090769079,2.1331710204860252,12
EDUCA_fHS_grad:INCOME_fBin3,-0.3724334669882176,0.9922243516028587,-0.37535207273091137,0.7073986438674124,-1.6792542864470583,1.4989387076474785,12
EDUCA_fSome_college:INCOME_fBin3,-0.9559246430343861,0.9389420063686521,-1.0180869921151086,0.3086366165192945,-2.01593159479967,0.7676698165481844,12
EDUCA_fCollege_grad:INCOME_fBin3,NA,NA,NA,NA,NA,NA,12
EDUCA_f1-8:INCOME_fBin4,-0.6118055256498887,1.2514997522599791,-0.4888578879421111,0.6249423115951072,-1.9377986707038337,1.7204406653285316,12
EDUCA_f9-11:INCOME_fBin4,-0.4980040563984747,1.1047244529062943,-0.45079481592747617,0.6521374379702958,-1.7502829773840793,1.5932838840002548,12
EDUCA_fHS_grad:INCOME_fBin4,-0.11459527304135819,0.9638413735788623,-0.11889432865477828,0.9053590749695047,-2.2361942972722972,1.6961498048092236,12
EDUCA_fSome_college:INCOME_fBin4,-0.745643167402209,0.911963413960959,-0.8176239923525374,0.4135719233889972,-1.880692165921612,0.91551356851883,12
EDUCA_fCollege_grad:INCOME_fBin4,NA,NA,NA,NA,NA,NA,12
EDUCA_f1-8:INCOME_fBin5,-0.9441462644988584,1248.3879464243114,-7.562923586398959e-4,0.9993965660611133,-4.653552505899427,3.1204769625800637,12
EDUCA_f9-11:INCOME_fBin5,0.11892453463831194,1248.3878484353686,9.526248976819393e-5,0.9999239915303053,-3.678218830533382,4.088634362126861,12
EDUCA_fHS_grad:INCOME_fBin5,-0.6399073880906841,1248.3877999646834,-5.125870247280429e-4,0.9995910147448115,-3.286882907966117,2.04781267223934,12
EDUCA_fSome_college:INCOME_fBin5,-1.4140571940178988,1248.3877597853216,-0.0011327067114636452,0.999096230996265,-5.015843392930918,2.3032534842975956,12
EDUCA_fCollege_grad:INCOME_fBin5,-0.4019933676799639,1248.3879521489393,-3.2200997052877995e-4,0.9997430732205307,-4.17967139452216,3.491700103871976,12
EDUCA_f1-8:INCOME_fBin6,0.7580412343688746,1.1785276804417797,0.6432103776168561,0.5200876004320436,-0.6943977478940434,2.984550828572681,12
EDUCA_f9-11:INCOME_fBin6,0.2842287754673385,1.059137684128504,0.26835866547531256,0.7884232530845549,-0.8124154788443523,2.290359948659487,12
EDUCA_fHS_grad:INCOME_fBin6,-0.048454636821963014,0.9330141418726519,-0.051933443071623495,0.9585817265036363,-1.0367796390246669,1.6953071630950833,12
EDUCA_fSome_college:INCOME_fBin6,-0.92933654451796055,0.8742302193842534,-1.063034111509575,0.28776648229323587,-1.9130705791624134,0.6440578303169524,12
EDUCA_fCollege_grad:INCOME_fBin6,NA,NA,NA,NA,NA,NA,12
EDUCA_f1-8:INCOME_fBin7,-1.0583156331002237,1248.388051520249,-8.477457244255415e-4,0.999323596856013,-3.9128376995892893,1.907939483145776,12
EDUCA_f9-11:INCOME_fBin7,-0.6073141010309527,1248.387944163882,-4.864786654421806e-4,0.9996118461989939,-4.41168417655615,3.105488386990692,12
EDUCA_fHS_grad:INCOME_fBin7,-1.2511320737206648,1248.3877834709938,-0.0010021982674662522,0.999200361609385,-4.644962715471507,2.310720972892619,12
EDUCA_fSome_college:INCOME_fBin7,-1.9811488930832288,1248.3877377929261,-0.0015869659987094876,0.9987337848625962,-6.16103113096699,2.422528516003351,12
EDUCA_fCollege_grad:INCOME_fBin7,-1.4960158786741253,1248.3879260351487,-0.0011983581765528904,0.9990438487414653,-5.20222977938289,1.9536531493505405,12
EDUCA_f1-8:INCOME_fBin8,1.4724176873788226,1.31332195723617,1.1211399301337066,0.2622283042719033,-0.2549697435756877,3.9654283169904994,12
EDUCA_f9-11:INCOME_fBin8,-11.385585900593162,225.56534633353573,-0.050475776025266254,0.9597432527236884,-264.3017769992538,-230.99780888169957,12
EDUCA_fHS_grad:INCOME_fBin8,0.28773155134007405,0.9596089053327445,0.29984251890649466,0.7642972811996587,-0.721852474781648,2.0840238130163224,12
EDUCA_fSome_college:INCOME_fBin8,-0.8526954350721512,0.886035118518794,-0.9623720519087577,0.33586274741414074,-1.9743856662452033,0.7463920228679781,12
EDUCA_fCollege_grad:INCOME_fBin8,NA,NA,NA,NA,NA,NA,12
EDUCA_f1-8:INCOME_fBin9,-14.18026385793593,1528.956487792014,-0.009274471818628295,0.9926001482105298,-18.205922429828433,-10.236260422105023,12
EDUCA_f9-11:INCOME_fBin9,-13.126665140854765,1345.8814316655355,-0.009753210670727841,0.9922181871620753,-17.443559291391182,-8.924433225388555,12
EDUCA_fHS_grad:INCOME_fBin9,-1.6576175322374058,1248.3878347000123,-0.0013278065406939275,0.9989405639727573,-5.4576880148296425,2.087722284549691,12
EDUCA_fSome_college:INCOME_fBin9,-2.4587029639269296,1248.38773949451,-0.0019695026522148426,0.9984285652572545,-5.699879135178975,0.8480776303990436,12
EDUCA_fCollege_grad:INCOME_fBin9,-1.7743668091922742,1248.387906988295,-0.0014213264957627556,0.998865945915001,-5.402343956044149,1.9047889798053848,12
EDUCA_f1-8:INCOME_fBin10,NA,NA,NA,NA,NA,NA,12
EDUCA_f9-11:INCOME_fBin10,-10.53091749139167,882.7439341229339,-0.011929753447532722,0.9904816596840378,NA,168.74088854179152,12
EDUCA_fHS_grad:INCOME_fBin10,1.338736641463918,1.146798299981481,1.167368875141807,0.24306143496811855,0.09605506129589458,3.4837474352579516,12
EDUCA_fSome_college:INCOME_fBin10,-0.19768326262237404,1.0902959647618347,-0.1813115603574266,0.8561230325603904,-1.4637530859455805,1.798759884400889,12
EDUCA_fCollege_grad:INCOME_fBin10,NA,NA,NA,NA,NA,NA,12
EDUCA_f1-8:INCOME_fBin11,-11.303293046808042,882.7439881406706,-0.012804723904850648,0.9897835876738582,NA,167.9017139310852,12
EDUCA_f9-11:INCOME_fBin11,-10.618266522409105,616.2034770638688,-0.017231753661962106,0.9862517301875284,NA,84.93629889639517,12
EDUCA_fHS_grad:INCOME_fBin11,0.6376363241623209,1.4192495313166693,0.44927710743773963,0.6532317698397924,-1.0952195742064452,3.1548639132751073,12
EDUCA_fSome_college:INCOME_fBin11,0.018920759875323347,1.1020516716421491,0.017168668549932722,0.9863020573792932,-1.2933118273888227,2.045888307386515,12
EDUCA_fCollege_grad:INCOME_fBin11,NA,NA,NA,NA,NA,NA,12
(Intercept),-15.277006460108097,882.7433125114541,-0.017306283993978,0.9861922724526896,NA,164.63467920767275,9
EDUCA_f1-8,13.44196566906831,882.7434057083703,0.015227489191246474,0.9878506909993867,-166.34764006747864,NA,9
EDUCA_f9-11,13.6377336069666,882.7433398791576,0.015449262532905121,0.9876737622883014,-166.2397574624095,NA,9
EDUCA_fHS_grad,13.883177055534768,882.7433247006037,0.015727309022975016,0.9874519402398269,-166.0134075489874,NA,9
EDUCA_fSome_college,14.256407012453128,882.743330183415,0.01615011580941762,0.9871146320832678,-165.6334052308531,NA,9
EDUCA_fCollege_grad,14.009391768134025,882.743357097915,0.015870288522126012,0.9873378733415938,-165.84630453597208,NA,9
INCOME_fBin2,14.715167578273665,882.7441643622884,0.016669798762027715,0.9867000409092348,951.8880933924908,1042.2687451042907,9
INCOME_fBin3,0.2056700343348909,985.3189936653386,2.0873446635775121e-4,0.9998334539931951,-1.7071849279908662,2.1600959232419745,9
INCOME_fBin4,-0.1762152760205721,0.3447474559783501,-0.5111430786936345,0.6092508729858277,-0.8459949214691332,0.5106260564013856,9
INCOME_fBin5,0.8074772709857119,1080.788202494812,7.471188796489365e-4,0.999403885436301,-1.464219708692724,3.0353791026067647,9
INCOME_fBin6,-0.7233079407804445,0.3115284200397226,-2.3218040289493214,0.020243490222709937,-1.3230549425484925,-0.0963146149151185,9
INCOME_fBin7,-0.9234174985178732,0.30314824186889266,-3.0460922116026596,0.002318367224272918,-1.5053956157403783,-0.3113381254165232,9
INCOME_fBin8,-1.222953326203772,0.3104340059681813,-3.9394953603411653,8.165318108499353e-5,-1.8206726286459975,-0.5981220585727147,9
INCOME_fBin9,0.39591895139412026,1073.867433866065,3.6868512714717457e-4,0.999705831835916,-1.9181671841457444,2.6982766059390806,9
INCOME_fBin10,-1.6332193298361817,0.34396361169754336,-4.748232877820565,2.052016795060307e-6,-2.3054597719264045,-1.2905388149630674,9
INCOME_fBin11,-2.0908520050388035,0.3614681002013758,-5.784333400026112,7.280043088274999e-9,-2.8040851621586436,-1.738906129620055,9
EXERNo,0.7109393144499913,0.04813648248001906,14.76924107915643,2.3130278954908268e-49,0.6165763861018028,0.8052845023227088,9
SMOKESome_days,0.015663409439593188,0.08317710471390562,0.1883139536230403,0.8506305476266455,-0.14840988033169122,0.17773317112778017,9
SMOKENot_at_all,-0.19911613518749247,0.05290284989176391,-3.763807348656495,1.6734582455298102e-4,-0.30255816763274535,-0.0951611157568937,9
SEXFemale,0.46431433632191726,0.04819936266270269,9.633204894661603,5.7895026241035995e-22,0.3700534331599773,0.559012060133388,9
EDUCA_f1-8:INCOME_fBin2,-13.501909715226128,882.7443104542948,-0.01529538004983291,0.9877965282394404,-1039.512533382371,-947.4996431677581,9
EDUCA_f9-11:INCOME_fBin2,-14.20990555470765,882.7442146564152,-0.016097421335396097,0.9871566707256519,-1048.0187042139642,-964.2543816251745,9
EDUCA_fHS_grad:INCOME_fBin2,-14.422474880702572,882.7441841681599,-0.01633822701906936,0.9869645608547807,-1040.7908665732552,-949.1565702500563,9
EDUCA_fSome_college:INCOME_fBin2,-14.768204555663223,882.7441914884116,-0.01672988018279936,0.9866521095553424,-1079.2773911649915,-1027.9861209330872,9
EDUCA_fCollege_grad:INCOME_fBin2,-14.663513364588487,882.7442368889677,-0.01661128190002885,0.9867467241460451,-1022.580501227172,-911.4293508479103,9
EDUCA_f1-8:INCOME_fBin3,0.39366829869211306,985.3191458339475,3.995337960868738e-4,0.9996812181610644,-1.631839002930164,2.326849237364609,9
EDUCA_f9-11:INCOME_fBin3,0.06068531796089988,985.319037889882,6.158951124182175e-5,0.9999508586799039,-1.9731064147392914,2.094232741997459,9
EDUCA_fHS_grad:INCOME_fBin3,-0.003380386060108843,985.3190114217983,-3.4307529043116748e-6,0.9999972626552257,-1.8466701991421246,1.8002356077676587,9
EDUCA_fSome_college:INCOME_fBin3,-0.3284420950326511,985.3190192286111,-3.333357913762617e-4,0.9997340365234232,-2.0771307888037143,1.4080023604094527,9
EDUCA_fCollege_grad:INCOME_fBin3,-0.4968330753016477,985.3190597360805,-5.04235729931709e-4,0.9995976781131309,-2.5596751257859864,1.4767153362821615,9
EDUCA_f1-8:INCOME_fBin4,0.47219980397188877,0.6719819723890162,0.7026971308369091,0.48224451610706687,0.7107951351153989,0.21123500784598026,9
EDUCA_f9-11:INCOME_fBin4,0.2023336839599996,0.4649424266721169,0.4351800832809087,0.6634317180574844,-0.7152649869563945,1.110582701334573,9
EDUCA_fHS_grad:INCOME_fBin4,-0.08636564766597461,0.3930208425656362,-0.21974826348185636,0.8260672144233447,-0.8647291341519108,0.6796219521645637,9
EDUCA_fSome_college:INCOME_fBin4,-0.2784940956722437,0.4079150213433935,-0.6827257666439307,0.49478014479026944,-1.0853408301207055,0.5171149296457516,9
EDUCA_fCollege_grad:INCOME_fBin4,NA,NA,NA,NA,NA,NA,9
EDUCA_f1-8:INCOME_fBin5,-0.6688688011324603,1080.7883471895202,-6.188712182841214e-4,0.9995062122413261,-2.6592928401118456,1.445059489502826,9
EDUCA_f9-11:INCOME_fBin5,-0.5887850450991058,1080.788239874323,-5.447737339995218e-4,0.9995653334700108,-2.846505350135658,1.571284932674542,9
EDUCA_fHS_grad:INCOME_fBin5,-1.180671631129623,1080.7882166738982,-0.0010924171941503154,0.999128377360194,-3.337672261706416,1.025617115768331,9
EDUCA_fSome_college:INCOME_fBin5,-1.4637590746837708,1080.7882214947572,-0.0013543440292672281,0.9989193901393831,-3.6667458112133886,0.6988932826251362,9
EDUCA_fCollege_grad:INCOME_fBin5,-1.660107515361317,1080.788252272528,-0.0015360155070807612,0.998774437423667,-3.863335657797336,0.5061193190038384,9
EDUCA_f1-8:INCOME_fBin6,1.237201678920637,0.6412053405608555,1.9294937216812165,0.05366959874762827,1.641835756005462,1.1121994663427275,9
EDUCA_f9-11:INCOME_fBin6,0.445356487762022,0.45847801356583856,0.971380250708724,0.3313589594094356,-0.46545685575100465,1.3356472286085335,9
EDUCA_fHS_grad:INCOME_fBin6,0.03830864920352974,0.3605387308406734,0.1062539081840248,0.9153809004367255,-0.6799919661391354,0.7372834257736547,9
EDUCA_fSome_college:INCOME_fBin6,-0.22665008524527014,0.3729335303795996,-0.6077492817944494,0.5433537720812083,-0.9682399334373202,0.49740541274225186,9
EDUCA_fCollege_grad:INCOME_fBin6,NA,NA,NA,NA,NA,NA,9
EDUCA_f1-8:INCOME_fBin7,-12.098726859349204,292.04937549401365,-0.04142699103151207,0.9669554955311201,-356.5424480545861,-331.3848766824626,9
EDUCA_f9-11:INCOME_fBin7,0.5180529733089354,0.48662768906560444,1.06457767395783,0.28706708743445164,-0.45712945306582076,1.4562993418572157,9
EDUCA_fHS_grad:INCOME_fBin7,-0.07406052058588454,0.35502909724566695,-0.20860408670852523,0.8347573200315785,-0.7825380027116268,0.6131856504559507,9
EDUCA_fSome_college:INCOME_fBin7,-0.4489178918071163,0.3668600919727398,-1.2236760051853064,0.22107447487880466,-1.1794945040575735,0.2624123882039576,9
EDUCA_fCollege_grad:INCOME_fBin7,NA,NA,NA,NA,NA,NA,9
EDUCA_f1-8:INCOME_fBin8,-11.864510406466154,506.58959586409713,-0.02342035940597771,0.981314965001961,NA,53.870248731066496,9
EDUCA_f9-11:INCOME_fBin8,0.45761745272515586,0.660625717017381,0.6927030555080798,0.48849592119022067,-0.24496606599207066,1.6788029607996533,9
EDUCA_fHS_grad:INCOME_fBin8,-0.06317112042024069,0.37608510229698705,-0.16797028128584496,0.8666066589652311,-0.8124258268094626,0.6654084339062182,9
EDUCA_fSome_college:INCOME_fBin8,-0.307954997586186,0.38247409162154306,-0.8051656421499696,0.42072410020597956,-1.0684236171685548,0.4343932976557833,9
EDUCA_fCollege_grad:INCOME_fBin8,NA,NA,NA,NA,NA,NA,9
EDUCA_f1-8:INCOME_fBin9,-13.483382684040274,1187.3601760410274,-0.011355764624848236,0.9909396054582396,-15.764164810048158,-11.237462068285584,9
EDUCA_f9-11:INCOME_fBin9,-13.467577553160888,1090.5130369969283,-0.01234976299801799,0.9901465652437472,-15.56360760418525,-11.391777094415257,9
EDUCA_fHS_grad:INCOME_fBin9,-1.706002053397899,1073.8674615668779,-0.001588652337885976,0.9987324393602991,-3.9151696953531996,0.39465523683415427,9
EDUCA_fSome_college:INCOME_fBin9,-1.8885012959829648,1073.8674574698414,-0.0017585981238620425,0.9985968424315635,-3.888179096695069,0.1764167392015863,9
EDUCA_fCollege_grad:INCOME_fBin9,-1.9195816463114856,1073.867478259268,-0.0017875405347251177,0.9985737497650834,-4.129301932433293,0.2245747361268573,9
EDUCA_f1-8:INCOME_fBin10,17.837524500605202,611.5192494695067,0.02916919543592334,0.9767296492559019,-77.85074604049831,NA,9
EDUCA_f9-11:INCOME_fBin10,-11.630549705609075,242.17998888684915,-0.048024404324516996,0.9616967932047586,NA,4.8907350354304615,9
EDUCA_fHS_grad:INCOME_fBin10,0.47718253763656276,0.4821845250760747,0.9896264040437159,0.32235675928470237,-0.4925884216806559,1.404638248302852,9
EDUCA_fSome_college:INCOME_fBin10,-0.3465993822056648,0.4972123494695032,-0.697085224402544,0.48574946043708866,-1.3483827193304148,0.6084693605631882,9
EDUCA_fCollege_grad:INCOME_fBin10,NA,NA,NA,NA,NA,NA,9
EDUCA_f1-8:INCOME_fBin11,2.586677667662745,1.3416911787081462,1.9279232872003675,0.05386466871061373,1.2005458858159082,5.15857980929052,9
EDUCA_f9-11:INCOME_fBin11,2.9323730780825272,0.9689971533007321,3.0261936973642003,0.0024765359820503046,1.922656271961574,4.774024642373139,9
EDUCA_fHS_grad:INCOME_fBin11,-0.3208660049001006,0.816585144831209,-0.3929363728095062,0.6943664762141362,-1.418766251306149,1.0982718941975609,9
EDUCA_fSome_college:INCOME_fBin11,0.4083555095846981,0.5216713553361778,0.7827830786713289,0.4337545059413761,-0.12397325600434733,1.412845926525937,9
EDUCA_fCollege_grad:INCOME_fBin11,NA,NA,NA,NA,NA,NA,9
(Intercept),-14.680897625917982,623.4542753314435,-0.023547673352810453,0.981213411176756,NA,83.2084342616939,8
EDUCA_f1-8,14.009923377595568,623.454376225505,0.02247144925409609,0.9820718864420481,-83.71653391184597,NA,8
EDUCA_f9-11,13.770776613401189,623.4543127336325,0.022087868079733182,0.9823778639865319,-84.059159084502,NA,8
EDUCA_fHS_grad,13.792887271995964,623.4542897675885,0.02212333365632576,0.9823495734635641,-84.07340722947117,NA,8
EDUCA_fSome_college,14.202175187690573,623.4542981681744,0.02277981758954782,0.9818259070779739,-83.65106532063582,NA,8
EDUCA_fCollege_grad,13.843499253629211,623.4543422643128,0.02220451172631383,0.9822848186418782,-83.93754050100992,NA,8
INCOME_fBin2,0.3227615747064644,0.4068299227515004,0.7933575104887588,0.42756955866208485,-0.4716254024935866,1.1284169365456447,8
INCOME_fBin3,28.66450376540524,1080.7085876353974,0.02652380493072929,0.9788395466873863,324.0426185588067,205.11222751280204,8
INCOME_fBin4,-0.22288274440659137,882.2205944779091,-2.5263833762404007e-4,0.9997984237730871,-2.087528441789246,1.597068892203239,8
INCOME_fBin5,0.35957882297431365,1080.7086020425859,3.3272504937472894e-4,0.9997345238250098,-1.8300016679500857,2.5915023861345485,8
INCOME_fBin6,-0.4676319963210025,1080.7086345003133,-4.3270867039682835e-4,0.9996547484433388,-2.746518618200298,1.8600223040592803,8
INCOME_fBin7,0.35957862037714117,1080.7085953203373,3.327248639773768e-4,0.9997345239729355,-2.004143632884478,2.776830248773495,8
INCOME_fBin8,-0.10726566662488551,1080.7086280653582,-9.92549368435304e-5,0.9999208060184391,-2.1800280258919713,1.9271660866365083,8
INCOME_fBin9,-0.3520145138296267,1080.7085917057725,-3.257256549372045e-4,0.9997401085334638,-2.884254401195534,2.145284935329908,8
INCOME_fBin10,-2.0638171526556888,0.35771527184072827,-5.769440991534177,7.953492153455245e-9,-2.766324160860525,-1.689853362144229,8
INCOME_fBin11,-0.2228828533925237,1080.7086007773862,-2.0623769740723573e-4,0.9998354461265497,-2.664718998149425,2.191759351972,8
EXERNo,0.5824616028403619,0.05313152665836963,10.962636300393388,5.77909224855381e-28,0.4782545039760194,0.686545378048102,8
SMOKESome_days,-0.05758344945573103,0.08819717287425846,-0.6528945042017048,0.513824292255119,-0.23149261931410114,0.11433590784252509,8
SMOKENot_at_all,-0.24474902033131823,0.056915502681680344,-4.300217142948941,1.7063083460160877e-5,-0.35611863404328675,-0.13299078432009973,8
SEXFemale,0.4668445106853709,0.0520845464543498,8.963205834854357,3.1537311580786537e-19,0.36495328964611945,0.5691437155107812,8
EDUCA_f1-8:INCOME_fBin2,-0.6374005610348181,0.6788041403967171,-0.9390051166486679,0.3477281173314997,-1.9789665426280256,0.6900027231965317,8
EDUCA_f9-11:INCOME_fBin2,-0.40128457247325844,0.5123789236563716,-0.7831793111427454,0.4335218222561534,-1.4111482248524376,0.6005832577272654,8
EDUCA_fHS_grad:INCOME_fBin2,-0.12467231078050682,0.44906270983151025,-0.27762784139276286,0.7812980576593758,-1.0113348159801496,0.7529785252887057,8
EDUCA_fSome_college:INCOME_fBin2,-0.29196988200902646,0.4706405037054373,-0.6203670948639037,0.5350161309621873,-1.220403347473375,0.6280588215475774,8
EDUCA_fCollege_grad:INCOME_fBin2,NA,NA,NA,NA,NA,NA,8
EDUCA_f1-8:INCOME_fBin3,-29.13307340961037,1080.7087321193665,-0.02695737763909597,0.9784937293821344,-1340.6743522431477,-1958.17371830194,8
EDUCA_f9-11:INCOME_fBin3,-29.05270888228448,1080.7086406479598,-0.026883017114460533,0.978553039002014,-187.00197746160433,-324.6351659627883,8
EDUCA_fHS_grad:INCOME_fBin3,-28.453467882595714,1080.7086059807664,-0.02632852900877344,0.978995299936327,-226.05310991985277,-363.61924675700686,8
EDUCA_fSome_college:INCOME_fBin3,-29.23521515236352,1080.7086144577434,-0.027051894249064155,0.978418343530921,-257.44624672020086,-429.78689724850403,8
EDUCA_fCollege_grad:INCOME_fBin3,-28.987082096790136,1080.7086626428838,-0.02682229087153048,0.9786014740681116,-186.78168466661583,-297.0342617856706,8
EDUCA_f1-8:INCOME_fBin4,1.3662383199599808,882.2208067585602,0.00154863534105457,0.9987643682649556,-0.4329226898790779,3.116216293096856,8
EDUCA_f9-11:INCOME_fBin4,-0.4944489082812864,882.2206661374705,-5.60459448820302e-4,0.9995528180822413,-2.2022455068408107,1.16313548196348,8
EDUCA_fHS_grad:INCOME_fBin4,0.01527727731140095,882.2206141238761,1.7316844638200447e-5,0.999986183157022,-1.726627949739779,1.8964155497304123,8
EDUCA_fSome_college:INCOME_fBin4,-0.1887506715857774,882.2206227969459,-2.1394951184361595e-4,0.999829292989011,-2.1558897272566497,1.7208861765032542,8
EDUCA_fCollege_grad:INCOME_fBin4,0.22677930911815203,882.2206727364398,2.570550839788601e-4,0.9997948997194761,-1.602087063472851,2.1176959424103656,8
EDUCA_f1-8:INCOME_fBin5,-1.9753253365511616,1080.7087975277198,-0.0018278053635447484,0.9985416231323169,-4.446991255426582,0.42527297107251405,8
EDUCA_f9-11:INCOME_fBin5,-0.3399228711309175,1080.7086439856894,-3.1453701515449223e-4,0.9997490357759453,-2.645158816916677,2.0785395348818816,8
EDUCA_fHS_grad:INCOME_fBin5,-1.029627439934099,1080.7086162647502,-9.527336272128533e-4,0.9992398286632905,-3.3358745985374014,1.1805032828161344,8
EDUCA_fSome_college:INCOME_fBin5,-1.2184760754832582,1080.7086220776039,-0.00112747881398485,0.9991004022522852,-3.556775322281368,1.0905416677811126,8
EDUCA_fCollege_grad:INCOME_fBin5,-0.7428264749037992,1080.7086533428678,-6.873512788169824e-4,0.999451573069968,-3.1871602913545587,1.6277591141704741,8
EDUCA_f1-8:INCOME_fBin6,-0.8079315176291665,1080.7088345831162,-7.475940713863289e-4,0.9994035062882561,-3.157232697079678,1.5015985980992337,8
EDUCA_f9-11:INCOME_fBin6,-0.13986880801482976,1080.7086863434715,-1.2942322920348636e-4,0.9998967352038975,-2.5077546165099136,2.188427539791822,8
EDUCA_fHS_grad:INCOME_fBin6,-0.5090379550208106,1080.708650147156,-4.710223749495267e-4,0.9996241785331318,-2.287519136121233,1.3384078934740258,8
EDUCA_fSome_college:INCOME_fBin6,-0.553290807400967,1080.7086541574158,-5.119703680288793e-4,0.9995915067656065,-2.9519861620040047,1.7308645769428987,8
EDUCA_fCollege_grad:INCOME_fBin6,-0.3298852862909336,1080.7086863408324,-3.052490374699319e-4,0.9997564465095851,-2.7592494815322937,2.0046006246159225,8
EDUCA_f1-8:INCOME_fBin7,-2.6642064821685554,1080.7091556254688,-0.002465239114798306,0.9980330257639648,-5.05154591301897,-0.2837364379959979,8
EDUCA_f9-11:INCOME_fBin7,-0.5162093805945435,1080.7086559123952,-4.776582270998194e-4,0.999618883889749,-2.8990853508261125,1.809851669442097,8
EDUCA_fHS_grad:INCOME_fBin7,-1.2898875344843221,1080.7086100021422,-0.001193557192518125,0.9990476793697639,-3.7505385187355103,1.1523850438306646,8
EDUCA_fSome_college:INCOME_fBin7,-1.8658678786178762,1080.7086149593422,-0.0017265226285700266,0.99862243493518,-4.080395701836579,0.2894949846706747,8
EDUCA_fCollege_grad:INCOME_fBin7,-1.5826888794585248,1080.7086444468553,-0.001464491736594372,0.9988315050716335,-3.9536600288665227,0.6201784859983426,8
EDUCA_f1-8:INCOME_fBin8,-14.18768006832262,1129.0926317944334,-0.012565558988525646,0.9899743983150687,-16.67283472814941,-11.707489972191741,8
EDUCA_f9-11:INCOME_fBin8,-0.6932524739465085,1080.7087649379537,-6.414794590717601e-4,0.9994881734786369,-3.059791819601827,1.6382390217729688,8
EDUCA_fHS_grad:INCOME_fBin8,-1.139996877451717,1080.7086481510391,-0.0010548605115746161,0.9991583432401036,-3.3685405614742763,1.0848148747149033,8
EDUCA_fSome_college:INCOME_fBin8,-1.5884831446260663,1080.7086494613902,-0.0014698532721263437,0.9988272271898146,-3.8736004202378354,0.7283003409960966,8
EDUCA_fCollege_grad:INCOME_fBin8,-1.551636328870742,1080.708679630203,-0.0014357581817531816,0.9988544311073123,-3.898326362339901,0.6451586260968916,8
EDUCA_f1-8:INCOME_fBin9,-13.973847743384859,1190.4675236760766,-0.011738117559254906,0.9906345522942859,-16.745126793088048,-11.242486853865799,8
EDUCA_f9-11:INCOME_fBin9,-0.7251165435134473,1080.7087500415091,-6.709638868803424e-4,0.9994646483139704,-3.0003132897230103,1.5726888041567681,8
EDUCA_fHS_grad:INCOME_fBin9,-1.2623634033663977,1080.708615594481,-0.0011680885903477241,0.999068000360053,-3.3920694744087143,0.9069841026640728,8
EDUCA_fSome_college:INCOME_fBin9,-1.464593855509579,1080.7086144767923,-0.0013552162311749856,0.9989186942235857,-3.7429281986171077,0.712580393332777,8
EDUCA_fCollege_grad:INCOME_fBin9,-1.208560650496206,1080.7086385460402,-0.0011183038678419144,0.9991077227955436,-3.442181416202544,1.1009607393700347,8
EDUCA_f1-8:INCOME_fBin10,NA,NA,NA,NA,NA,NA,8
EDUCA_f9-11:INCOME_fBin10,-11.781794831343017,289.9284352484883,-0.040636906901681515,0.9675853609931325,NA,11.36364517015368,8
EDUCA_fHS_grad:INCOME_fBin10,0.6907878623116025,0.4664830076917472,1.480842497843086,0.13864854889829054,-0.23831710212734175,1.5956388139464341,8
EDUCA_fSome_college:INCOME_fBin10,-0.07170746787543683,0.4711194360492122,-0.15220655822814835,0.8790240215151949,-1.0084375169138189,0.8431978993927506,8
EDUCA_fCollege_grad:INCOME_fBin10,NA,NA,NA,NA,NA,NA,8
EDUCA_f1-8:INCOME_fBin11,-13.672210674978153,1395.4092868105956,-0.009797993179641161,0.9921824575968645,-16.765382636160467,-10.492998947726822,8
EDUCA_f9-11:INCOME_fBin11,-0.7837387838527358,1080.709183626244,-7.25207850296002e-4,0.9994213679035955,-2.983512324785437,1.3911884654389755,8
EDUCA_fHS_grad:INCOME_fBin11,-2.168189477396365,1080.7087711881773,-0.0020062661978884145,0.9983992322497204,-4.440915642703089,0.015062122966408964,8
EDUCA_fSome_college:INCOME_fBin11,-2.1021062960771344,1080.708664700817,-0.0019451183882744946,0.9984480210477105,-4.300443847409497,-0.001128401641492971,8
EDUCA_fCollege_grad:INCOME_fBin11,-1.5148165637674227,1080.7086532828716,-0.0014016881970601977,0.9988816149947268,-3.9772619833988756,0.9294455450593611,8
(Intercept),-13.937847292897715,535.4111689810004,-0.02603204434346104,0.9792317794161465,NA,95.18231983494498,10
EDUCA_f1-8,12.940498479324395,535.4113126924063,0.02416926608115714,0.9807175930801836,-96.11229532859718,NA,10
EDUCA_f9-11,12.006375401494678,535.4112727889193,0.02242458463557243,0.9821092695774933,-97.06444204986387,NA,10
EDUCA_fHS_grad,12.088088432834484,535.4112094250034,0.02257720462337032,0.9819875272680514,-97.01338661516453,NA,10
EDUCA_fSome_college,12.642454186094708,535.4112169483298,0.02361260613506119,0.9811616167137752,-96.45566108415719,NA,10
EDUCA_fCollege_grad,13.451969567819935,535.411293787595,0.02512455326195737,0.9799556156908683,-95.61113441263787,NA,10
INCOME_fBin2,0.7013701489382916,655.7420806107418,0.0010695823398813341,0.9991465969272177,-0.8538740545310617,2.3035579914082325,10
INCOME_fBin3,0.7013701697310604,757.1857297145216,9.262855098913379e-4,0.9992609311984497,-1.015355283382604,2.348493231549856,10
INCOME_fBin4,4.1428546728617755e-7,757.1857503408411,5.471384889370809e-10,0.9999999995634467,-1.5173550250754175,1.615811842599718,10
INCOME_fBin5,13.75195698271168,535.4130482118373,0.025684762499980553,0.9795087776120375,555.8649335574949,624.2093487117615,10
INCOME_fBin6,-1.9860280625289293,0.3960693796038112,-5.014343861965689,5.321474494772425e-7,-2.7622451810084696,-1.198110635872233,10
INCOME_fBin7,-1.9289405943676692,0.3874627031094638,-4.978390381545229,6.411523858030222e-7,-2.6876297539924128,-1.156590652984913,10
INCOME_fBin8,-2.4047713519417613,0.3958534119357564,-6.0749036876611155,1.2406215916954465e-9,-3.180605732146865,-1.6172864827955364,10
INCOME_fBin9,-2.720009179251666,0.4059697908862302,-6.700028525063154,2.0837885932979048e-11,-3.5169565183184375,-1.9145355937523407,10
INCOME_fBin10,-2.2685653967712036,0.42754609620624295,-5.306013589881723,1.1204860763767096e-7,-3.111589024824131,-1.4252090399061024,10
INCOME_fBin11,-2.6202285528639924,0.44700768524137857,-5.861708063137889,4.581299597506336e-9,-3.5071112975638035,-1.7440333488676563,10
EXERNo,0.7013699782642792,0.051954719950977085,13.499639280628802,1.5714365378874152e-41,0.5994825402845891,0.8031649030868655,10
SMOKESome_days,-0.024047613644343994,0.09545427557556084,-0.25192809331320204,0.8010966444429795,-0.21282726268167848,0.161510243326177,10
SMOKENot_at_all,-0.32958935789331495,0.059049672096325036,-5.581561187260632,2.383691648168322e-8,-0.4448653038862391,-0.21336054051109027,10
SEXFemale,0.48020137185791467,0.051514725129034586,9.321633196238583,1.1456305924239966e-20,0.37947409218729916,0.5814364763141604,10
EDUCA_f1-8:INCOME_fBin2,-1.2132168463520383,655.7422814069066,-0.0018501427782711528,0.9985238004841154,-2.717720883634854,0.32467644587960165,10
EDUCA_f9-11:INCOME_fBin2,-0.4456395953058247,655.7422076014855,-6.795957163346933e-4,0.9994577611120876,-1.6176660503974745,0.8138824286338202,10
EDUCA_fHS_grad:INCOME_fBin2,-0.4277831926585252,655.7421292447481,-6.523649672337281e-4,0.9994794881015554,-1.8441456793957514,0.9997031025882779,10
EDUCA_fSome_college:INCOME_fBin2,-0.5810803889019771,655.7421386023387,-8.861416015455448e-4,0.999292961389975,-1.9010583691102454,0.6612593800591176,10
EDUCA_fCollege_grad:INCOME_fBin2,-1.449858191575551,655.7422259393177,-0.002211018498158636,0.9982358639140299,-3.0865906394259923,0.22128603059398788,10
EDUCA_f1-8:INCOME_fBin3,-2.3590785621777863,757.1860848421545,-0.0031155862599740822,0.9975141258469972,-3.75910158413015,-0.9909549704214538,10
EDUCA_f9-11:INCOME_fBin3,-0.49513106462108847,757.1858459163238,-6.539095616900967e-4,0.9994782556937489,-2.140397034280312,1.0751282397242168,10
EDUCA_fHS_grad:INCOME_fBin3,-0.5428382308709712,757.1857706713961,-7.169155204668425e-4,0.9994279842238192,-2.1890158080483673,1.0984607352940285,10
EDUCA_fSome_college:INCOME_fBin3,-1.027147017272133,757.1857788637035,-0.0013565323675433472,0.9989176440996628,-2.650919822786534,0.563616183068973,10
EDUCA_fCollege_grad:INCOME_fBin3,-1.634658456092912,757.1858471283823,-0.00215886028812125,0.9982774800451961,-3.289146323365756,-0.11438936357409801,10
EDUCA_f1-8:INCOME_fBin4,-1.2906276717040335,757.1859865102666,-0.0017045054909855149,0.9986400020434815,-2.9827194896189297,0.4192146965096122,10
EDUCA_f9-11:INCOME_fBin4,0.31919811827878297,757.1858615190056,4.2155847659177537e-4,0.9996636450100143,-1.272903905871388,1.9725582247343156,10
EDUCA_fHS_grad:INCOME_fBin4,-3.05318919983775e-4,757.1857908100285,-4.032285387409983e-7,0.9999996782701744,-1.7249081398436772,1.6633514365292343,10
EDUCA_fSome_college:INCOME_fBin4,-0.43193779679918903,757.1857966511882,-5.704515307993413e-4,0.9995448455555745,-1.8693103139424494,1.0109191494030056,10
EDUCA_fCollege_grad:INCOME_fBin4,-1.074952308299644,757.185863374477,-0.0014196676936214948,0.9988672694462837,-2.803800841919724,0.5966348006185624,10
EDUCA_f1-8:INCOME_fBin5,-15.16085481457238,535.413552854512,-0.028316158105717658,0.9774099934625107,-594.8565325024089,-498.2400860666725,10
EDUCA_f9-11:INCOME_fBin5,-13.705627884253254,535.4132009767707,-0.02559822555598117,0.9795778014087445,-606.4137090459851,-519.2949383826199,10
EDUCA_fHS_grad:INCOME_fBin5,-14.025585278561154,535.4131011880179,-0.026195820101226605,0.9791011498159404,-593.4073877294807,-496.92113876451504,10
EDUCA_fSome_college:INCOME_fBin5,-14.50429170363274,535.4131091166671,-0.02708990769307488,0.9783880243023553,-611.9896647103857,-529.9241481593419,10
EDUCA_fCollege_grad:INCOME_fBin5,-15.39507610771363,535.4131952702371,-0.028753635965104166,0.977061078714747,-593.9567599409129,-497.811044334781,10
EDUCA_f1-8:INCOME_fBin6,0.4123482812214988,0.9449770699360884,0.4363579755955212,0.6625770243026398,-0.5755678124393556,2.1406624163453043,10
EDUCA_f9-11:INCOME_fBin6,2.268079780624042,0.5747985551343722,3.9458689663787117,7.951108970839877e-5,1.1460967340924497,3.4084994999938183,10
EDUCA_fHS_grad:INCOME_fBin6,1.3216045639017502,0.4664338018905299,2.83342364671059,0.004605230815499844,0.40267662613697974,2.2389446841177905,10
EDUCA_fSome_college:INCOME_fBin6,0.7120567378722726,0.47428407159832703,1.5013296471725412,0.13327032047427878,-0.22251962985284196,1.6441756288745848,10
EDUCA_fCollege_grad:INCOME_fBin6,NA,NA,NA,NA,NA,NA,10
EDUCA_f1-8:INCOME_fBin7,1.7426197741681364,0.8915117183570642,1.9546796057594729,0.050620898724473035,-0.11579443107217241,3.4418558630196303,10
EDUCA_f9-11:INCOME_fBin7,1.834261448382593,0.634653312565974,2.890178640944092,0.0038502296286150595,1.1710593764427357,3.0756037368346103,10
EDUCA_fHS_grad:INCOME_fBin7,1.1207214179312168,0.4631808520104274,2.4196194921848506,0.015536755198026496,0.20730857366994976,2.030962192280369,10
EDUCA_fSome_college:INCOME_fBin7,0.6364506710868744,0.46604493581224465,1.3656422850677237,0.17205126759957381,-0.2826390056544202,1.5521100947397433,10
EDUCA_fCollege_grad:INCOME_fBin7,NA,NA,NA,NA,NA,NA,10
EDUCA_f1-8:INCOME_fBin8,-10.63830004661164,232.99881733347112,-0.04565817186696685,0.9635827030318465,NA,13.302948452228328,10
EDUCA_f9-11:INCOME_fBin8,1.9054778133838992,0.8069117072427098,2.3614452439847344,0.018203859977797318,1.0866108901333487,3.411872624404518,10
EDUCA_fHS_grad:INCOME_fBin8,1.556763026024019,0.48741672247080947,3.1939056545546625,0.0014036198105270086,0.5951494432013832,2.5129565769180746,10
EDUCA_fSome_college:INCOME_fBin8,0.8318653825258476,0.4868666784915738,1.7086102197487822,0.08752317434084046,-0.12808986775336023,1.7874718706577972,10
EDUCA_fCollege_grad:INCOME_fBin8,NA,NA,NA,NA,NA,NA,10
EDUCA_f1-8:INCOME_fBin9,NA,NA,NA,NA,NA,NA,10
EDUCA_f9-11:INCOME_fBin9,1.8268477349290249,1.1719545071189226,1.5588043083857075,0.11904270418585192,0.16994005940696044,3.812791914029043,10
EDUCA_fHS_grad:INCOME_fBin9,1.2029720812368907,0.5632806475449802,2.1356531357502897,0.032707696922954665,0.6073511279453438,2.2921514798995783,10
EDUCA_fSome_college:INCOME_fBin9,1.3163176805090637,0.5020837716381051,2.621709274160422,0.008749002899003244,0.3269197005744165,2.301750191993811,10
EDUCA_fCollege_grad:INCOME_fBin9,NA,NA,NA,NA,NA,NA,10
EDUCA_f1-8:INCOME_fBin10,NA,NA,NA,NA,NA,NA,10
EDUCA_f9-11:INCOME_fBin10,-9.355925233985767,236.86065844863532,-0.03949970119674668,0.9684919917427791,NA,14.994433804352724,10
EDUCA_fHS_grad:INCOME_fBin10,1.905870659687996,0.5974310873381597,3.1901096211440185,0.0014221883689993064,1.2728518341487738,3.062430193094705,10
EDUCA_fSome_college:INCOME_fBin10,-0.014929555054118351,0.7051495332614005,-0.021172183132657525,0.9831083039517692,-0.7565983196906831,1.305118653341896,10
EDUCA_fCollege_grad:INCOME_fBin10,NA,NA,NA,NA,NA,NA,10
EDUCA_f1-8:INCOME_fBin11,NA,NA,NA,NA,NA,NA,10
EDUCA_f9-11:INCOME_fBin11,-9.559630994688636,267.06073307784396,-0.03579571914041798,0.9714452465122877,NA,20.800498383028767,10
EDUCA_fHS_grad:INCOME_fBin11,1.4942231972351467,0.7763707629339859,1.9246257955262533,0.05427618986661956,-0.1844635595852131,2.928808112396775,10
EDUCA_fSome_college:INCOME_fBin11,0.9198382229407278,0.6845326511624261,1.3437463083444185,0.17903043705713234,0.21657015455733447,2.222507318300386,10
EDUCA_fCollege_grad:INCOME_fBin11,NA,NA,NA,NA,NA,NA,10
(Intercept),-15.42207021712467,509.13090149919174,-0.030290972658922673,0.9758349960453783,NA,51.003950246435245,11
EDUCA_f1-8,13.940809789121554,509.1310931343944,0.027381572206279736,0.9781553959873207,-52.17511763685342,NA,11
EDUCA_f9-11,14.102067782539269,509.1310800756978,0.027698304688927197,0.9779027758483801,-52.05197942631359,NA,11
EDUCA_fHS_grad,13.17966183865441,509.13100085039065,0.025886582857144236,0.9793478017906563,-53.095626601904215,NA,11
EDUCA_fSome_college,13.485726889258453,509.131027783569,0.026487733320765552,0.9788683175597112,-52.74080651726718,NA,11
EDUCA_fCollege_grad,13.556708167252742,509.13130265250453,0.026627135469031553,0.9787571299550314,468.19642897476535,556.714716565057,11
INCOME_fBin2,0.3656221317045335,805.5012069705272,4.539063734983471e-4,0.9996378351249718,-1.7008904831599665,2.5969844503564476,11
INCOME_fBin3,0.3656219872649865,1019.0437455572518,3.587892952181857e-4,0.999713727566906,-1.988450083101796,2.5533863565547823,11
INCOME_fBin4,0.35572991895532596,671.9860028355795,5.293710247747012e-4,0.9995776230521233,-1.1937039279150952,1.8567362509571625,11
INCOME_fBin5,13.791864491955142,509.1321458742248,0.027088968166159088,0.9783887736613714,449.06899829921576,523.8400854757251,11
INCOME_fBin6,0.7708419619527697,1019.0437442562211,7.564365772299512e-4,0.9993964509913598,-1.9960516162500141,3.3762677321128014,11
INCOME_fBin7,-0.8644229554363008,0.6537803564424775,-1.3221916916256518,0.18610432700573026,-2.0253424057231304,0.6278337919473158,11
INCOME_fBin8,0.5561353863399447,1019.0437606045336,5.45742398746473e-4,0.9995645605874796,-2.2267380883896095,3.0975033025371728,11
INCOME_fBin9,-1.4123966827996361,0.6662003252205153,-2.1200780445913567,0.033999464166552223,-2.60352482811846,-0.4678288813131699,11
INCOME_fBin10,-1.441124782316024,0.7042109982509924,-2.0464389023961016,0.04071320788746866,-1.8071537559309552,-0.630896448541495,11
INCOME_fBin11,-1.49085634942067,0.7143508733738805,-2.0870085065891395,0.03688736560756148,-2.8051458002521574,-0.6792838093889927,11
EXERNo,0.7050868052547629,0.059802473722182045,11.790261528817506,4.3817822963614995e-32,0.5878412818658197,0.8223016873467484,11
SMOKESome_days,0.05569133496518002,0.12798133242522153,0.4351520171718795,0.6634520885348715,-0.19872728706494364,0.3034079934398074,11
SMOKENot_at_all,-0.21470647661993086,0.07471929251792178,-2.873507890461255,0.004059409377659996,-0.35989940978336565,-0.06691994456623857,11
SEXFemale,0.2998670403677765,0.05819081720404734,5.1531677122918955,2.5612271062400587e-7,0.185952027857717,0.4140988465674981,11
EDUCA_f1-8:INCOME_fBin2,-1.2146006095167916,805.501571175876,-0.001507881117778219,0.99879688539252,-3.4827742681090257,0.8817165760305694,11
EDUCA_f9-11:INCOME_fBin2,-0.729693177638907,805.5013787501199,-9.058869381094754e-4,0.9992772068971072,-3.1051967602044925,1.6712665121954897,11
EDUCA_fHS_grad:INCOME_fBin2,-0.3531538970940206,805.5012943410077,-4.384274731463231e-4,0.9996501854993516,-2.652404472950579,1.7909431734406236,11
EDUCA_fSome_college:INCOME_fBin2,-0.224308079592945,805.5013111608553,-2.784701607371457e-4,0.9997778129609751,-2.0496060630342896,1.6790266770305162,11
EDUCA_fCollege_grad:INCOME_fBin2,-0.18004098392042495,805.5015094985934,-2.2351414838750138e-4,0.9998216615133655,-2.085923284156223,1.762582639316446,11
EDUCA_f1-8:INCOME_fBin3,-0.6817894544346305,1019.0439479169164,-6.69048136567921e-4,0.999466176861224,-3.1324938175425956,1.6413216059270748,11
EDUCA_f9-11:INCOME_fBin3,-1.398224194408562,1019.0439014893799,-0.0013720941682345506,0.9989052275907089,-4.486260879129205,1.6847603134516524,11
EDUCA_fHS_grad:INCOME_fBin3,-0.27350615266289124,1019.0438123543944,-2.683948907270079e-4,0.9997858518630616,-2.939934292572161,2.31418124925123,11
EDUCA_fSome_college:INCOME_fBin3,-0.4103652176117308,1019.0438285383102,-4.0269633760536865e-4,0.9996786948182168,-2.6266042674636623,1.6454972731558533,11
EDUCA_fCollege_grad:INCOME_fBin3,-0.20305140250411358,1019.0439746868686,-1.992567617766516e-4,0.9998410161071949,-2.9692486056439122,2.6644412727462377,11
EDUCA_f1-8:INCOME_fBin4,-1.020648611706948,671.9863769131866,-0.001518853129724689,0.998788131003612,-2.5592449329991354,0.43707806052128695,11
EDUCA_f9-11:INCOME_fBin4,-1.0832931558308645,671.9862043945442,-0.0016120764812529232,0.9987137496218909,-2.517592048454148,0.4623822796042354,11
EDUCA_fHS_grad:INCOME_fBin4,-0.19564572965314028,671.9860958570004,-2.9114550265155187e-4,0.999767699501769,-1.6942275317605038,1.3677957948516324,11
EDUCA_fSome_college:INCOME_fBin4,-0.5116857508132588,671.9861212077147,-7.614528554453491e-4,0.9993924485815717,-2.4640250776332806,1.325463256830095,11
EDUCA_fCollege_grad:INCOME_fBin4,-0.4439826278953829,671.9863444392978,-6.607018603418792e-4,0.999472836224693,-2.1792124812720317,1.2972602904159276,11
EDUCA_f1-8:INCOME_fBin5,-14.053111248487928,509.1326627797796,-0.027602061851149523,0.9779795371738228,-572.1682750038199,-483.5080365922206,11
EDUCA_f9-11:INCOME_fBin5,-14.569786557008333,509.13240586898144,-0.028616890987602304,0.9771701405412931,-559.4177829811337,-470.1981199465074,11
EDUCA_fHS_grad:INCOME_fBin5,-13.94621348494577,509.13226494052213,-0.027392122725859842,0.9781469810469996,-505.96683504747534,-438.68072473119736,11
EDUCA_fSome_college:INCOME_fBin5,-14.000412966703024,509.13228985135197,-0.02749857600033703,0.97806207560630265,-542.1340676016996,-459.85406193980054,11
EDUCA_fCollege_grad:INCOME_fBin5,-14.20286101527958,509.13257361904795,-0.02789619394084711,0.9777449440588539,-526.8770372913139,-451.015785247676,11
EDUCA_f1-8:INCOME_fBin6,-2.616784894829911,1019.0443662584497,-0.0025678812242864047,0.9979511294688801,-5.121812414867833,-0.16333676240906758,11
EDUCA_f9-11:INCOME_fBin6,-1.6326658301635675,1019.0438896942741,-0.0016021545751610244,0.9987216661473517,-3.693645555188212,0.44143411649963316,11
EDUCA_fHS_grad:INCOME_fBin6,-0.9794832573681141,1019.0438040006917,-9.611787575006435e-4,0.9992330904273053,-3.5960052195856917,1.6504372432895642,11
EDUCA_fSome_college:INCOME_fBin6,-1.3207927362354168,1019.0438161458986,-0.0012961098583874004,0.9989658542444321,-4.168745431954875,1.6128422596327834,11
EDUCA_fCollege_grad:INCOME_fBin6,-1.4028448470085055,1019.0439552328401,-0.0013766283974354877,0.9989016098026511,-3.645659513732184,0.9282543932397838,11
EDUCA_f1-8:INCOME_fBin7,-0.09186471879092246,1.3245163831407738,-0.06935717818233947,0.9447053136578243,-1.5074894664582459,2.229876953639462,11
EDUCA_f9-11:INCOME_fBin7,-0.3473226501948362,0.9965956251860113,-0.34850910581712574,0.7274578765106249,-1.4593197024315328,1.5022383407390683,11
EDUCA_fHS_grad:INCOME_fBin7,0.22835646427868123,0.7503022580414539,0.30435262833244014,0.7608592539898954,-0.5720987633177641,1.61959256029413,11
EDUCA_fSome_college:INCOME_fBin7,0.11560125577540808,0.7585847997562392,0.15239068303577263,0.8788788051155793,-0.6389161784370062,1.5317232585274312,11
EDUCA_fCollege_grad:INCOME_fBin7,NA,NA,NA,NA,NA,NA,11
EDUCA_f1-8:INCOME_fBin8,NA,NA,NA,NA,NA,NA,11
EDUCA_f9-11:INCOME_fBin8,-0.7550310637942236,1019.0440642103222,-7.409209182522567e-4,0.9994088306926391,-3.7338166466522154,2.0671579235196047,11
EDUCA_fHS_grad:INCOME_fBin8,-1.334576742459651,1019.0438415749886,-0.0013096362374331108,0.9989550617645879,-3.8738684322125465,1.0658259238015395,11
EDUCA_fSome_college:INCOME_fBin8,-1.5980784076339671,1019.0438403063179,-0.0015682135983017132,0.9987487470947404,-4.096186079567147,0.9974539455922784,11
EDUCA_fCollege_grad:INCOME_fBin8,-1.787707089251938,1019.0439750037658,-0.0017542982767209156,0.9986002732079191,-4.035097325954268,0.43125637127114613,11
EDUCA_f1-8:INCOME_fBin9,-11.59106396286901,392.8744591257674,-0.029503226014390684,0.9764632460754671,NA,28.43593743407855,11
EDUCA_f9-11:INCOME_fBin9,1.5810176451732076,1.4197075721504102,1.1136220417409364,0.2654413663423431,0.13990600492665128,4.176508674421151,11
EDUCA_fHS_grad:INCOME_fBin9,0.8194643349750281,0.8070250562313361,1.0154137453944505,0.3099086435753322,-0.054874309510282826,2.3245337145572322,11
EDUCA_fSome_college:INCOME_fBin9,0.8135708922545372,0.7837577383570339,1.0380387362554144,0.29925202138086465,-0.06571487370004192,2.0993912976006075,11
EDUCA_fCollege_grad:INCOME_fBin9,NA,NA,NA,NA,NA,NA,11
EDUCA_f1-8:INCOME_fBin10,-11.643682566365813,882.7437733996256,-0.013190331007970325,0.9894759437087739,NA,167.80893975766008,11
EDUCA_f9-11:INCOME_fBin10,-12.160498935086745,882.7437702515206,-0.013775796946855653,0.9890088519408716,NA,167.2986408176287,11
EDUCA_fHS_grad:INCOME_fBin10,-0.06331599955357776,1.2789834452411473,-0.04950494065358273,0.9605168999571785,-1.435384160380348,2.1371558818778933,11
EDUCA_fSome_college:INCOME_fBin10,0.5127544200222138,0.8861373349723545,0.5786399012724259,0.5628321754028113,-0.49916790312211207,2.18544745013114,11
EDUCA_fCollege_grad:INCOME_fBin10,NA,NA,NA,NA,NA,NA,11
EDUCA_f1-8:INCOME_fBin11,-11.893818039651668,882.7437826572337,-0.013473692223409287,0.9892498742625719,NA,167.54646304512136,11
EDUCA_f9-11:INCOME_fBin11,-11.540502516008294,624.1943872985764,-0.01848863551297526,0.9852490435643686,NA,85.67361490552327,11
EDUCA_fHS_grad:INCOME_fBin11,-11.134954359768626,177.65467568147247,-0.06267751927752885,0.9500232992061017,-198.13039277503947,-168.29453999085376,11
EDUCA_fSome_college:INCOME_fBin11,-0.9811441994935108,1.2888742625741667,-0.761241207139903,0.44651300976307057,-2.431347801178689,1.2477187879083529,11
EDUCA_fCollege_grad:INCOME_fBin11,NA,NA,NA,NA,NA,NA,11
